[{"pk": 24, "model": "contenttypes.contenttype", "fields": {"model": "blogentry", "name": "Blog entry", "app_label": "blog"}}, {"pk": 25, "model": "contenttypes.contenttype", "fields": {"model": "blogentryimage", "name": "Blog entry image", "app_label": "blog"}}, {"pk": 22, "model": "contenttypes.contenttype", "fields": {"model": "faqgroup", "name": "FAQ group", "app_label": "faq"}}, {"pk": 23, "model": "contenttypes.contenttype", "fields": {"model": "faqquestion", "name": "FAQ question", "app_label": "faq"}}, {"pk": 26, "model": "contenttypes.contenttype", "fields": {"model": "image", "name": "Image", "app_label": "images"}}, {"pk": 31, "model": "contenttypes.contenttype", "fields": {"model": "page", "name": "Page", "app_label": "cms"}}, {"pk": 32, "model": "contenttypes.contenttype", "fields": {"model": "pageimage", "name": "Page image", "app_label": "cms"}}, {"pk": 29, "model": "contenttypes.contenttype", "fields": {"model": "pagetext", "name": "PageText", "app_label": "cms"}}, {"pk": 13, "model": "contenttypes.contenttype", "fields": {"model": "ad", "name": "ad", "app_label": "ads"}}, {"pk": 9, "model": "contenttypes.contenttype", "fields": {"model": "bookmark", "name": "bookmark", "app_label": "menu"}}, {"pk": 15, "model": "contenttypes.contenttype", "fields": {"model": "businessdomain", "name": "business domain", "app_label": "ads"}}, {"pk": 27, "model": "contenttypes.contenttype", "fields": {"model": "businessprofile", "name": "business profile", "app_label": "accounts"}}, {"pk": 4, "model": "contenttypes.contenttype", "fields": {"model": "contenttype", "name": "content type", "app_label": "contenttypes"}}, {"pk": 10, "model": "contenttypes.contenttype", "fields": {"model": "dashboardpreferences", "name": "dashboard preferences", "app_label": "dashboard"}}, {"pk": 36, "model": "contenttypes.contenttype", "fields": {"model": "deal", "name": "deal", "app_label": "deals"}}, {"pk": 18, "model": "contenttypes.contenttype", "fields": {"model": "field", "name": "field", "app_label": "ads"}}, {"pk": 2, "model": "contenttypes.contenttype", "fields": {"model": "group", "name": "group", "app_label": "auth"}}, {"pk": 7, "model": "contenttypes.contenttype", "fields": {"model": "logentry", "name": "log entry", "app_label": "admin"}}, {"pk": 8, "model": "contenttypes.contenttype", "fields": {"model": "migrationhistory", "name": "migration history", "app_label": "south"}}, {"pk": 11, "model": "contenttypes.contenttype", "fields": {"model": "notification", "name": "notification", "app_label": "notifications"}}, {"pk": 12, "model": "contenttypes.contenttype", "fields": {"model": "notificationsetting", "name": "notification setting", "app_label": "notifications"}}, {"pk": 28, "model": "contenttypes.contenttype", "fields": {"model": "oldpassword", "name": "old password", "app_label": "accounts"}}, {"pk": 35, "model": "contenttypes.contenttype", "fields": {"model": "pagetextstring", "name": "page text string", "app_label": "cms"}}, {"pk": 1, "model": "contenttypes.contenttype", "fields": {"model": "permission", "name": "permission", "app_label": "auth"}}, {"pk": 17, "model": "contenttypes.contenttype", "fields": {"model": "productcategory", "name": "product category", "app_label": "ads"}}, {"pk": 16, "model": "contenttypes.contenttype", "fields": {"model": "producttype", "name": "product type", "app_label": "ads"}}, {"pk": 5, "model": "contenttypes.contenttype", "fields": {"model": "session", "name": "session", "app_label": "sessions"}}, {"pk": 6, "model": "contenttypes.contenttype", "fields": {"model": "site", "name": "site", "app_label": "sites"}}, {"pk": 21, "model": "contenttypes.contenttype", "fields": {"model": "ticket", "name": "ticket", "app_label": "contact"}}, {"pk": 3, "model": "contenttypes.contenttype", "fields": {"model": "user", "name": "user", "app_label": "auth"}}, {"pk": 20, "model": "contenttypes.contenttype", "fields": {"model": "userprofile", "name": "user profile", "app_label": "accounts"}}, {"pk": 14, "model": "contenttypes.contenttype", "fields": {"model": "value", "name": "value", "app_label": "ads"}}, {"pk": "6773c37c67da818931e8c4b4e134cf9a", "model": "sessions.session", "fields": {"expire_date": "2012-10-19T08:02:45.294Z", "session_data": "NmY5OTE3OTYzNDkwNWM5ZTQwZTU3OGY3MmM4YjUwNDdmZmFkNjIzNzqAAn1xAShVEl9hdXRoX3Vz\nZXJfYmFja2VuZHECVSFhcHBsaWNhdGlvbi5iYWNrZW5kcy5FbWFpbEJhY2tlbmRxA1UNX2F1dGhf\ndXNlcl9pZHEESwJ1Lg==\n"}}, {"pk": "f73ac42a9d309151c3128453f9d57a8f", "model": "sessions.session", "fields": {"expire_date": "2012-10-22T11:53:08.883Z", "session_data": "NmY5OTE3OTYzNDkwNWM5ZTQwZTU3OGY3MmM4YjUwNDdmZmFkNjIzNzqAAn1xAShVEl9hdXRoX3Vz\nZXJfYmFja2VuZHECVSFhcHBsaWNhdGlvbi5iYWNrZW5kcy5FbWFpbEJhY2tlbmRxA1UNX2F1dGhf\ndXNlcl9pZHEESwJ1Lg==\n"}}, {"pk": "4b94688753fd67295e122f2544721fba", "model": "sessions.session", "fields": {"expire_date": "2012-10-23T11:46:18.722Z", "session_data": "NmY5OTE3OTYzNDkwNWM5ZTQwZTU3OGY3MmM4YjUwNDdmZmFkNjIzNzqAAn1xAShVEl9hdXRoX3Vz\nZXJfYmFja2VuZHECVSFhcHBsaWNhdGlvbi5iYWNrZW5kcy5FbWFpbEJhY2tlbmRxA1UNX2F1dGhf\ndXNlcl9pZHEESwJ1Lg==\n"}}, {"pk": "586eb612a6b2393659e68c9251d8d807", "model": "sessions.session", "fields": {"expire_date": "2012-10-23T13:07:09.236Z", "session_data": "ODk4ODYwNGE0N2M5ODVkOTg2NTE4ODI0ODFhNDlmNTMyZTM5MWM0ODqAAn1xAShVEl9hdXRoX3Vz\nZXJfYmFja2VuZHECVSFhcHBsaWNhdGlvbi5iYWNrZW5kcy5FbWFpbEJhY2tlbmRxA1UNX2F1dGhf\ndXNlcl9pZHEESwN1Lg==\n"}}, {"pk": "1199636503f64fe369cd7a5e37cb5224", "model": "sessions.session", "fields": {"expire_date": "2012-10-26T10:58:20.200Z", "session_data": "NmY5OTE3OTYzNDkwNWM5ZTQwZTU3OGY3MmM4YjUwNDdmZmFkNjIzNzqAAn1xAShVEl9hdXRoX3Vz\nZXJfYmFja2VuZHECVSFhcHBsaWNhdGlvbi5iYWNrZW5kcy5FbWFpbEJhY2tlbmRxA1UNX2F1dGhf\ndXNlcl9pZHEESwJ1Lg==\n"}}, {"pk": "b19875836eca7063b2d60a6d72aa3591", "model": "sessions.session", "fields": {"expire_date": "2012-11-06T07:47:20.861Z", "session_data": "OWUwYTRiMjUyOWM2MTIzYWRhOTU1NTdlNjhlYzMzZDU3NzcwMDE4MTqAAn1xAShVEl9hdXRoX3Vz\nZXJfYmFja2VuZHECVSFhcHBsaWNhdGlvbi5iYWNrZW5kcy5FbWFpbEJhY2tlbmRxA1UNX2F1dGhf\ndXNlcl9pZHEESwR1Lg==\n"}}, {"pk": "e677aa969e5a6814eba88310eac69e44", "model": "sessions.session", "fields": {"expire_date": "2012-11-06T09:19:24.332Z", "session_data": "OWUwYTRiMjUyOWM2MTIzYWRhOTU1NTdlNjhlYzMzZDU3NzcwMDE4MTqAAn1xAShVEl9hdXRoX3Vz\nZXJfYmFja2VuZHECVSFhcHBsaWNhdGlvbi5iYWNrZW5kcy5FbWFpbEJhY2tlbmRxA1UNX2F1dGhf\ndXNlcl9pZHEESwR1Lg==\n"}}, {"pk": 1, "model": "sites.site", "fields": {"domain": "example.com", "name": ""}}, {"pk": 1, "model": "south.migrationhistory", "fields": {"applied": "2012-09-21T11:14:33.636Z", "app_name": "menu", "migration": "0001_initial"}}, {"pk": 2, "model": "south.migrationhistory", "fields": {"applied": "2012-09-21T11:14:33.726Z", "app_name": "dashboard", "migration": "0001_initial"}}, {"pk": 3, "model": "south.migrationhistory", "fields": {"applied": "2012-09-21T11:14:33.765Z", "app_name": "dashboard", "migration": "0002_auto__add_field_dashboardpreferences_dashboard_id"}}, {"pk": 4, "model": "south.migrationhistory", "fields": {"applied": "2012-09-21T11:14:33.899Z", "app_name": "notifications", "migration": "0001_initial"}}, {"pk": 5, "model": "south.migrationhistory", "fields": {"applied": "2012-09-21T11:14:34.089Z", "app_name": "ads", "migration": "0001_initial"}}, {"pk": 6, "model": "south.migrationhistory", "fields": {"applied": "2012-09-21T11:14:34.138Z", "app_name": "ads", "migration": "0002_auto__del_values__add_value"}}, {"pk": 7, "model": "south.migrationhistory", "fields": {"applied": "2012-09-21T11:14:34.192Z", "app_name": "ads", "migration": "0003_auto__add_field_field_suffix"}}, {"pk": 11, "model": "south.migrationhistory", "fields": {"applied": "2012-09-21T11:14:34.571Z", "app_name": "contact", "migration": "0001_initial"}}, {"pk": 12, "model": "south.migrationhistory", "fields": {"applied": "2012-09-21T11:14:34.599Z", "app_name": "contact", "migration": "0002_auto__add_field_ticket_subject"}}, {"pk": 13, "model": "south.migrationhistory", "fields": {"applied": "2012-09-21T11:14:34.622Z", "app_name": "contact", "migration": "0003_auto__add_field_ticket_cc_myself"}}, {"pk": 14, "model": "south.migrationhistory", "fields": {"applied": "2012-09-21T11:14:34.717Z", "app_name": "faq", "migration": "0001_initial"}}, {"pk": 15, "model": "south.migrationhistory", "fields": {"applied": "2012-10-04T15:24:16.603Z", "app_name": "blog", "migration": "0001_initial"}}, {"pk": 16, "model": "south.migrationhistory", "fields": {"applied": "2012-10-05T08:22:22.242Z", "app_name": "blog", "migration": "0002_auto__chg_field_blogentry_unpublish"}}, {"pk": 17, "model": "south.migrationhistory", "fields": {"applied": "2012-10-08T08:50:28.884Z", "app_name": "blog", "migration": "0003_auto__add_blogentryimage"}}, {"pk": 18, "model": "south.migrationhistory", "fields": {"applied": "2012-10-08T08:50:56.108Z", "app_name": "images", "migration": "0001_initial"}}, {"pk": 19, "model": "south.migrationhistory", "fields": {"applied": "2012-10-09T09:33:32.265Z", "app_name": "accounts", "migration": "0001_initial"}}, {"pk": 20, "model": "south.migrationhistory", "fields": {"applied": "2012-10-09T12:39:01.660Z", "app_name": "ads", "migration": "0004_auto__add_field_ad_creator__add_field_ad_owner"}}, {"pk": 21, "model": "south.migrationhistory", "fields": {"applied": "2012-10-10T12:01:56.514Z", "app_name": "accounts", "migration": "0002_auto__del_field_userprofile_first_name__del_field_userprofile_last_nam"}}, {"pk": 22, "model": "south.migrationhistory", "fields": {"applied": "2012-10-11T08:54:59.817Z", "app_name": "accounts", "migration": "0003_auto__add_oldpassword"}}, {"pk": 23, "model": "south.migrationhistory", "fields": {"applied": "2012-10-11T12:17:03.315Z", "app_name": "accounts", "migration": "0004_auto__add_field_userprofile_phone__add_field_userprofile_cellphone__ad"}}, {"pk": 24, "model": "south.migrationhistory", "fields": {"applied": "2012-10-11T14:03:02.417Z", "app_name": "accounts", "migration": "0005_auto__chg_field_businessprofile_creator"}}, {"pk": 25, "model": "south.migrationhistory", "fields": {"applied": "2012-10-12T15:10:45.912Z", "app_name": "cms", "migration": "0001_initial"}}, {"pk": 26, "model": "south.migrationhistory", "fields": {"applied": "2012-10-15T14:21:41.363Z", "app_name": "deals", "migration": "0001_initial"}}, {"pk": 27, "model": "south.migrationhistory", "fields": {"applied": "2012-10-22T11:41:01.642Z", "app_name": "deals", "migration": "0002_auto__add_field_deal_bid__add_field_deal_price"}}, {"pk": 28, "model": "south.migrationhistory", "fields": {"applied": "2012-10-23T06:51:04.233Z", "app_name": "ads", "migration": "0005_auto__add_field_productcategory_slug__add_field_businessdomain_slug__a"}}, {"pk": 29, "model": "south.migrationhistory", "fields": {"applied": "2012-10-23T06:51:04.447Z", "app_name": "deals", "migration": "0003_auto__chg_field_deal_price__chg_field_deal_state"}}, {"pk": 30, "model": "south.migrationhistory", "fields": {"applied": "2012-10-23T09:41:26.971Z", "app_name": "deals", "migration": "0004_auto__chg_field_deal_state"}}, {"pk": 31, "model": "south.migrationhistory", "fields": {"applied": "2012-10-23T10:01:08.379Z", "app_name": "deals", "migration": "0005_auto__add_field_deal_test"}}, {"pk": 32, "model": "south.migrationhistory", "fields": {"applied": "2012-10-23T10:15:38.754Z", "app_name": "deals", "migration": "0006_auto__del_field_deal_test"}}, {"pk": 1, "model": "ads.ad", "fields": {"business_domains": [1, 2], "updated": "2012-10-09T13:36:55.497Z", "product_type": 1, "description": "Testar", "title": "Testar", "price": "10", "created": "2012-10-09T13:36:55.497Z", "owner": 1, "amount": 1, "published": true, "active": true, "creator": 1}}, {"pk": 2, "model": "ads.ad", "fields": {"business_domains": [1, 2], "updated": "2012-10-09T13:45:48.921Z", "product_type": 1, "description": "Testar", "title": "Testar", "price": "10", "created": "2012-10-09T13:40:13.069Z", "owner": 2, "amount": 1, "published": true, "active": true, "creator": 1}}, {"pk": 1, "model": "ads.value", "fields": {"field": 1, "ad": 1, "value": "asdf"}}, {"pk": 2, "model": "ads.value", "fields": {"field": 2, "ad": 1, "value": "12"}}, {"pk": 3, "model": "ads.value", "fields": {"field": 3, "ad": 1, "value": "True"}}, {"pk": 4, "model": "ads.value", "fields": {"field": 1, "ad": 2, "value": "asdf"}}, {"pk": 5, "model": "ads.value", "fields": {"field": 2, "ad": 2, "value": "12"}}, {"pk": 6, "model": "ads.value", "fields": {"field": 3, "ad": 2, "value": "True"}}, {"pk": 1, "model": "ads.businessdomain", "fields": {"slug": null, "title": "Domain1"}}, {"pk": 2, "model": "ads.businessdomain", "fields": {"slug": null, "title": "Domain2"}}, {"pk": 3, "model": "ads.businessdomain", "fields": {"slug": null, "title": "Domain3"}}, {"pk": 1, "model": "ads.producttype", "fields": {"fields": [1, 2, 3], "slug": null, "product_categories": [1, 2], "title": "ProductType1"}}, {"pk": 2, "model": "ads.producttype", "fields": {"fields": [1], "slug": null, "product_categories": [1], "title": "ProductType2"}}, {"pk": 1, "model": "ads.productcategory", "fields": {"slug": null, "title": "Category1"}}, {"pk": 2, "model": "ads.productcategory", "fields": {"slug": null, "title": "Category2"}}, {"pk": 1, "model": "ads.field", "fields": {"required": true, "type": "CharField", "suffix": "", "label": "Field1"}}, {"pk": 2, "model": "ads.field", "fields": {"required": true, "type": "IntegerField", "suffix": "cm", "label": "Field2"}}, {"pk": 3, "model": "ads.field", "fields": {"required": true, "type": "BooleanField", "suffix": "", "label": "Field3"}}, {"pk": 1, "model": "accounts.businessprofile", "fields": {"address_city": "0", "creator": 1, "image": "", "agent": null, "business_description": "0", "address": "0", "active": true, "business_name": "Andreas AB", "address_zipcode": "0"}}, {"pk": 2, "model": "accounts.businessprofile", "fields": {"address_city": "0", "creator": 2, "image": "", "agent": null, "business_description": "0", "address": "0", "active": true, "business_name": "Test AB", "address_zipcode": "0"}}, {"pk": 1, "model": "blog.blogentry", "fields": {"body": "Test", "updated": "2012-10-05T08:03:34Z", "title_slug": "test", "created": "2012-10-05T08:03:41.738Z", "title": "Test", "publish": "2012-10-05T09:23:01Z", "unpublish": "2112-06-03T09:24:04.808Z", "teaser": "test", "active": false}}, {"pk": 2, "model": "blog.blogentry", "fields": {"body": "dddddddddddddd dad adddd", "updated": "2012-10-05T10:18:47Z", "title_slug": "test2", "created": "2012-10-05T10:18:47.830Z", "title": "Test2", "publish": "2012-10-05T10:18:47Z", "unpublish": "2112-06-03T10:18:47Z", "teaser": "**d**", "active": true}}, {"pk": 3, "model": "blog.blogentry", "fields": {"body": "", "updated": "2012-10-05T10:18:47Z", "title_slug": "test3", "created": "2012-10-05T10:18:47.830Z", "title": "Test3", "publish": "2012-10-05T10:18:47Z", "unpublish": "2112-06-03T10:18:47Z", "teaser": "Adf**b**\r\n\r\nddd\r\n-----\r\n\r\n\r\n>ddd  \r\n>fff\r\n\r\n", "active": true}}, {"pk": 1, "model": "blog.blogentryimage", "fields": {"image": 1, "blog_entry": 3}}, {"pk": 1, "model": "cms.pagetext", "fields": {"locale": "en", "text": "En b", "page": 1}}, {"pk": 2, "model": "cms.pagetext", "fields": {"locale": "sv_SE", "text": "Sv b", "page": 1}}, {"pk": 1, "model": "cms.pagetextstring", "fields": {"text_string": "En t", "locale": "en", "page": 1}}, {"pk": 2, "model": "cms.pagetextstring", "fields": {"text_string": "Sv t", "locale": "sv_SE", "page": 1}}, {"pk": 1, "model": "cms.page", "fields": {"active": true, "updated": "2012-10-12T15:11:37.128Z", "default_title": "Test d", "title_slug": "test-d", "created": "2012-10-12T15:09:21.499Z"}}, {"pk": 1, "model": "images.image", "fields": {"image_description_short": "Test", "image_description": "Test", "image_file": "image/test/3e26aaa3da744b6cf65744efba2ea261_Ska\u0308rmavbild 2012-08-30 kl. 09.55.23.png", "title_slug": "test", "title": "Test"}}, {"pk": 1, "model": "deals.deal", "fields": {"updated": "2012-10-09T13:36:55.497Z", "ad": 1, "creator": 3, "price": "0", "created": "2012-10-09T13:36:55.497Z", "state": "interested", "owner": 2, "bid": null}}, {"pk": 2, "model": "deals.deal", "fields": {"updated": "2012-10-09T13:36:55.497Z", "ad": 2, "creator": 3, "price": "200", "created": "2012-10-09T13:36:55.497Z", "state": "completed", "owner": 2, "bid": null}}, {"pk": 3, "model": "deals.deal", "fields": {"updated": "2012-10-23T09:43:58.571Z", "ad": 1, "creator": 3, "price": null, "created": "2012-10-23T09:43:58.571Z", "state": "", "owner": 1, "bid": null}}, {"pk": 4, "model": "deals.deal", "fields": {"updated": "2012-10-23T09:50:18.858Z", "ad": 1, "creator": 3, "price": null, "created": "2012-10-23T09:50:18.858Z", "state": "", "owner": 1, "bid": null}}, {"pk": 5, "model": "deals.deal", "fields": {"updated": "2012-10-23T09:51:40.871Z", "ad": 1, "creator": 3, "price": null, "created": "2012-10-23T09:51:40.872Z", "state": "", "owner": 1, "bid": null}}, {"pk": 6, "model": "deals.deal", "fields": {"updated": "2012-10-23T10:01:44.690Z", "ad": 1, "creator": 3, "price": null, "created": "2012-10-23T10:01:44.690Z", "state": "", "owner": 1, "bid": null}}, {"pk": 7, "model": "deals.deal", "fields": {"updated": "2012-10-23T10:15:09.851Z", "ad": 1, "creator": 3, "price": null, "created": "2012-10-23T10:15:09.851Z", "state": "", "owner": 1, "bid": null}}, {"pk": 8, "model": "deals.deal", "fields": {"updated": "2012-10-23T10:15:48.475Z", "ad": 1, "creator": 3, "price": null, "created": "2012-10-23T10:15:48.475Z", "state": "", "owner": 1, "bid": null}}, {"pk": 9, "model": "deals.deal", "fields": {"updated": "2012-10-23T10:17:51.404Z", "ad": 1, "creator": 3, "price": null, "created": "2012-10-23T10:17:51.404Z", "state": "", "owner": 1, "bid": null}}, {"pk": 79, "model": "auth.permission", "fields": {"codename": "add_businessprofile", "name": "Can add business profile", "content_type": 27}}, {"pk": 81, "model": "auth.permission", "fields": {"codename": "change_businessprofile", "name": "Can change business profile", "content_type": 27}}, {"pk": 83, "model": "auth.permission", "fields": {"codename": "delete_businessprofile", "name": "Can delete business profile", "content_type": 27}}, {"pk": 84, "model": "auth.permission", "fields": {"codename": "add_oldpassword", "name": "Can add old password", "content_type": 28}}, {"pk": 85, "model": "auth.permission", "fields": {"codename": "change_oldpassword", "name": "Can change old password", "content_type": 28}}, {"pk": 86, "model": "auth.permission", "fields": {"codename": "delete_oldpassword", "name": "Can delete old password", "content_type": 28}}, {"pk": 56, "model": "auth.permission", "fields": {"codename": "add_userprofile", "name": "Can add user profile", "content_type": 20}}, {"pk": 58, "model": "auth.permission", "fields": {"codename": "change_userprofile", "name": "Can change user profile", "content_type": 20}}, {"pk": 60, "model": "auth.permission", "fields": {"codename": "delete_userprofile", "name": "Can delete user profile", "content_type": 20}}, {"pk": 19, "model": "auth.permission", "fields": {"codename": "add_logentry", "name": "Can add log entry", "content_type": 7}}, {"pk": 20, "model": "auth.permission", "fields": {"codename": "change_logentry", "name": "Can change log entry", "content_type": 7}}, {"pk": 21, "model": "auth.permission", "fields": {"codename": "delete_logentry", "name": "Can delete log entry", "content_type": 7}}, {"pk": 37, "model": "auth.permission", "fields": {"codename": "add_ad", "name": "Can add ad", "content_type": 13}}, {"pk": 43, "model": "auth.permission", "fields": {"codename": "change_ad", "name": "Can change ad", "content_type": 13}}, {"pk": 49, "model": "auth.permission", "fields": {"codename": "delete_ad", "name": "Can delete ad", "content_type": 13}}, {"pk": 38, "model": "auth.permission", "fields": {"codename": "add_businessdomain", "name": "Can add business domain", "content_type": 15}}, {"pk": 44, "model": "auth.permission", "fields": {"codename": "change_businessdomain", "name": "Can change business domain", "content_type": 15}}, {"pk": 50, "model": "auth.permission", "fields": {"codename": "delete_businessdomain", "name": "Can delete business domain", "content_type": 15}}, {"pk": 39, "model": "auth.permission", "fields": {"codename": "add_field", "name": "Can add field", "content_type": 18}}, {"pk": 45, "model": "auth.permission", "fields": {"codename": "change_field", "name": "Can change field", "content_type": 18}}, {"pk": 51, "model": "auth.permission", "fields": {"codename": "delete_field", "name": "Can delete field", "content_type": 18}}, {"pk": 40, "model": "auth.permission", "fields": {"codename": "add_productcategory", "name": "Can add product category", "content_type": 17}}, {"pk": 46, "model": "auth.permission", "fields": {"codename": "change_productcategory", "name": "Can change product category", "content_type": 17}}, {"pk": 52, "model": "auth.permission", "fields": {"codename": "delete_productcategory", "name": "Can delete product category", "content_type": 17}}, {"pk": 41, "model": "auth.permission", "fields": {"codename": "add_producttype", "name": "Can add product type", "content_type": 16}}, {"pk": 47, "model": "auth.permission", "fields": {"codename": "change_producttype", "name": "Can change product type", "content_type": 16}}, {"pk": 53, "model": "auth.permission", "fields": {"codename": "delete_producttype", "name": "Can delete product type", "content_type": 16}}, {"pk": 42, "model": "auth.permission", "fields": {"codename": "add_value", "name": "Can add value", "content_type": 14}}, {"pk": 48, "model": "auth.permission", "fields": {"codename": "change_value", "name": "Can change value", "content_type": 14}}, {"pk": 54, "model": "auth.permission", "fields": {"codename": "delete_value", "name": "Can delete value", "content_type": 14}}, {"pk": 1, "model": "auth.permission", "fields": {"codename": "add_group", "name": "Can add group", "content_type": 2}}, {"pk": 4, "model": "auth.permission", "fields": {"codename": "change_group", "name": "Can change group", "content_type": 2}}, {"pk": 7, "model": "auth.permission", "fields": {"codename": "delete_group", "name": "Can delete group", "content_type": 2}}, {"pk": 2, "model": "auth.permission", "fields": {"codename": "add_permission", "name": "Can add permission", "content_type": 1}}, {"pk": 5, "model": "auth.permission", "fields": {"codename": "change_permission", "name": "Can change permission", "content_type": 1}}, {"pk": 8, "model": "auth.permission", "fields": {"codename": "delete_permission", "name": "Can delete permission", "content_type": 1}}, {"pk": 3, "model": "auth.permission", "fields": {"codename": "add_user", "name": "Can add user", "content_type": 3}}, {"pk": 6, "model": "auth.permission", "fields": {"codename": "change_user", "name": "Can change user", "content_type": 3}}, {"pk": 9, "model": "auth.permission", "fields": {"codename": "delete_user", "name": "Can delete user", "content_type": 3}}, {"pk": 70, "model": "auth.permission", "fields": {"codename": "add_blogentry", "name": "Can add Blog entry", "content_type": 24}}, {"pk": 71, "model": "auth.permission", "fields": {"codename": "change_blogentry", "name": "Can change Blog entry", "content_type": 24}}, {"pk": 72, "model": "auth.permission", "fields": {"codename": "delete_blogentry", "name": "Can delete Blog entry", "content_type": 24}}, {"pk": 73, "model": "auth.permission", "fields": {"codename": "add_blogentryimage", "name": "Can add Blog entry image", "content_type": 25}}, {"pk": 74, "model": "auth.permission", "fields": {"codename": "change_blogentryimage", "name": "Can change Blog entry image", "content_type": 25}}, {"pk": 75, "model": "auth.permission", "fields": {"codename": "delete_blogentryimage", "name": "Can delete Blog entry image", "content_type": 25}}, {"pk": 87, "model": "auth.permission", "fields": {"codename": "add_page", "name": "Can add Page", "content_type": 31}}, {"pk": 90, "model": "auth.permission", "fields": {"codename": "change_page", "name": "Can change Page", "content_type": 31}}, {"pk": 93, "model": "auth.permission", "fields": {"codename": "delete_page", "name": "Can delete Page", "content_type": 31}}, {"pk": 96, "model": "auth.permission", "fields": {"codename": "add_pageimage", "name": "Can add Page image", "content_type": 32}}, {"pk": 97, "model": "auth.permission", "fields": {"codename": "change_pageimage", "name": "Can change Page image", "content_type": 32}}, {"pk": 98, "model": "auth.permission", "fields": {"codename": "delete_pageimage", "name": "Can delete Page image", "content_type": 32}}, {"pk": 88, "model": "auth.permission", "fields": {"codename": "add_pagetext", "name": "Can add PageText", "content_type": 29}}, {"pk": 91, "model": "auth.permission", "fields": {"codename": "change_pagetext", "name": "Can change PageText", "content_type": 29}}, {"pk": 94, "model": "auth.permission", "fields": {"codename": "delete_pagetext", "name": "Can delete PageText", "content_type": 29}}, {"pk": 101, "model": "auth.permission", "fields": {"codename": "add_pagetextstring", "name": "Can add page text string", "content_type": 35}}, {"pk": 104, "model": "auth.permission", "fields": {"codename": "change_pagetextstring", "name": "Can change page text string", "content_type": 35}}, {"pk": 107, "model": "auth.permission", "fields": {"codename": "delete_pagetextstring", "name": "Can delete page text string", "content_type": 35}}, {"pk": 61, "model": "auth.permission", "fields": {"codename": "add_ticket", "name": "Can add ticket", "content_type": 21}}, {"pk": 62, "model": "auth.permission", "fields": {"codename": "change_ticket", "name": "Can change ticket", "content_type": 21}}, {"pk": 63, "model": "auth.permission", "fields": {"codename": "delete_ticket", "name": "Can delete ticket", "content_type": 21}}, {"pk": 10, "model": "auth.permission", "fields": {"codename": "add_contenttype", "name": "Can add content type", "content_type": 4}}, {"pk": 11, "model": "auth.permission", "fields": {"codename": "change_contenttype", "name": "Can change content type", "content_type": 4}}, {"pk": 12, "model": "auth.permission", "fields": {"codename": "delete_contenttype", "name": "Can delete content type", "content_type": 4}}, {"pk": 28, "model": "auth.permission", "fields": {"codename": "add_dashboardpreferences", "name": "Can add dashboard preferences", "content_type": 10}}, {"pk": 29, "model": "auth.permission", "fields": {"codename": "change_dashboardpreferences", "name": "Can change dashboard preferences", "content_type": 10}}, {"pk": 30, "model": "auth.permission", "fields": {"codename": "delete_dashboardpreferences", "name": "Can delete dashboard preferences", "content_type": 10}}, {"pk": 108, "model": "auth.permission", "fields": {"codename": "add_deal", "name": "Can add deal", "content_type": 36}}, {"pk": 109, "model": "auth.permission", "fields": {"codename": "change_deal", "name": "Can change deal", "content_type": 36}}, {"pk": 110, "model": "auth.permission", "fields": {"codename": "delete_deal", "name": "Can delete deal", "content_type": 36}}, {"pk": 64, "model": "auth.permission", "fields": {"codename": "add_faqgroup", "name": "Can add FAQ group", "content_type": 22}}, {"pk": 66, "model": "auth.permission", "fields": {"codename": "change_faqgroup", "name": "Can change FAQ group", "content_type": 22}}, {"pk": 68, "model": "auth.permission", "fields": {"codename": "delete_faqgroup", "name": "Can delete FAQ group", "content_type": 22}}, {"pk": 65, "model": "auth.permission", "fields": {"codename": "add_faqquestion", "name": "Can add FAQ question", "content_type": 23}}, {"pk": 67, "model": "auth.permission", "fields": {"codename": "change_faqquestion", "name": "Can change FAQ question", "content_type": 23}}, {"pk": 69, "model": "auth.permission", "fields": {"codename": "delete_faqquestion", "name": "Can delete FAQ question", "content_type": 23}}, {"pk": 76, "model": "auth.permission", "fields": {"codename": "add_image", "name": "Can add Image", "content_type": 26}}, {"pk": 77, "model": "auth.permission", "fields": {"codename": "change_image", "name": "Can change Image", "content_type": 26}}, {"pk": 78, "model": "auth.permission", "fields": {"codename": "delete_image", "name": "Can delete Image", "content_type": 26}}, {"pk": 25, "model": "auth.permission", "fields": {"codename": "add_bookmark", "name": "Can add bookmark", "content_type": 9}}, {"pk": 26, "model": "auth.permission", "fields": {"codename": "change_bookmark", "name": "Can change bookmark", "content_type": 9}}, {"pk": 27, "model": "auth.permission", "fields": {"codename": "delete_bookmark", "name": "Can delete bookmark", "content_type": 9}}, {"pk": 31, "model": "auth.permission", "fields": {"codename": "add_notification", "name": "Can add notification", "content_type": 11}}, {"pk": 33, "model": "auth.permission", "fields": {"codename": "change_notification", "name": "Can change notification", "content_type": 11}}, {"pk": 35, "model": "auth.permission", "fields": {"codename": "delete_notification", "name": "Can delete notification", "content_type": 11}}, {"pk": 32, "model": "auth.permission", "fields": {"codename": "add_notificationsetting", "name": "Can add notification setting", "content_type": 12}}, {"pk": 34, "model": "auth.permission", "fields": {"codename": "change_notificationsetting", "name": "Can change notification setting", "content_type": 12}}, {"pk": 36, "model": "auth.permission", "fields": {"codename": "delete_notificationsetting", "name": "Can delete notification setting", "content_type": 12}}, {"pk": 13, "model": "auth.permission", "fields": {"codename": "add_session", "name": "Can add session", "content_type": 5}}, {"pk": 14, "model": "auth.permission", "fields": {"codename": "change_session", "name": "Can change session", "content_type": 5}}, {"pk": 15, "model": "auth.permission", "fields": {"codename": "delete_session", "name": "Can delete session", "content_type": 5}}, {"pk": 16, "model": "auth.permission", "fields": {"codename": "add_site", "name": "Can add site", "content_type": 6}}, {"pk": 17, "model": "auth.permission", "fields": {"codename": "change_site", "name": "Can change site", "content_type": 6}}, {"pk": 18, "model": "auth.permission", "fields": {"codename": "delete_site", "name": "Can delete site", "content_type": 6}}, {"pk": 22, "model": "auth.permission", "fields": {"codename": "add_migrationhistory", "name": "Can add migration history", "content_type": 8}}, {"pk": 23, "model": "auth.permission", "fields": {"codename": "change_migrationhistory", "name": "Can change migration history", "content_type": 8}}, {"pk": 24, "model": "auth.permission", "fields": {"codename": "delete_migrationhistory", "name": "Can delete migration history", "content_type": 8}}, {"pk": 2, "model": "auth.user", "fields": {"username": "hotet@area59.se", "first_name": "Christoffer", "last_name": "Lindberg", "is_active": true, "is_superuser": true, "is_staff": true, "last_login": "2012-10-12T10:58:20.059Z", "groups": [], "user_permissions": [], "password": "pbkdf2_sha256$10000$XP8fkHvpfqTu$gkkcvay6MjqO0tbSMb03a/XG4YUHH+oqz2u6N2VuUeE=", "email": "hotet@area59.se", "date_joined": "2012-10-04T20:00:00Z"}}, {"pk": 3, "model": "auth.user", "fields": {"username": "andreas", "first_name": "", "last_name": "", "is_active": true, "is_superuser": true, "is_staff": true, "last_login": "2012-10-09T13:07:08.950Z", "groups": [], "user_permissions": [], "password": "pbkdf2_sha256$10000$ZqlCdOOusnAD$GJIXEfE5e2udoMavcbXLYuYqD9ObqcL1uEZ+QVr/luI=", "email": "andreas.karlsson@area59.se", "date_joined": "2012-10-09T13:06:50.253Z"}}, {"pk": 4, "model": "auth.user", "fields": {"username": "martin", "first_name": "", "last_name": "", "is_active": true, "is_superuser": true, "is_staff": true, "last_login": "2012-10-23T09:19:24.091Z", "groups": [], "user_permissions": [], "password": "pbkdf2_sha256$10000$eEPIYEK2C8J0$39FIta9aBScKhNxbVq3mPZi+KE60FZ/4TdGVg9cAtiM=", "email": "martin@area59.se", "date_joined": "2012-10-15T14:22:41.924Z"}}, {"pk": 28, "model": "admin.logentry", "fields": {"action_flag": 1, "action_time": "2012-10-12T15:11:37.195Z", "object_repr": "Test d", "object_id": "1", "change_message": "", "user": 2, "content_type": 31}}, {"pk": 27, "model": "admin.logentry", "fields": {"action_flag": 2, "action_time": "2012-10-12T12:39:00.271Z", "object_repr": "Test", "object_id": "2", "change_message": "No fields changed.", "user": 2, "content_type": 31}}, {"pk": 26, "model": "admin.logentry", "fields": {"action_flag": 1, "action_time": "2012-10-12T12:38:21.943Z", "object_repr": "Test", "object_id": "2", "change_message": "", "user": 2, "content_type": 31}}, {"pk": 25, "model": "admin.logentry", "fields": {"action_flag": 1, "action_time": "2012-10-12T12:36:20.491Z", "object_repr": "Test d", "object_id": "1", "change_message": "", "user": 2, "content_type": 31}}, {"pk": 24, "model": "admin.logentry", "fields": {"action_flag": 2, "action_time": "2012-10-11T14:08:13.218Z", "object_repr": "Test AB", "object_id": "2", "change_message": "\u00c4ndrade creator och business_name.", "user": 2, "content_type": 27}}, {"pk": 23, "model": "admin.logentry", "fields": {"action_flag": 1, "action_time": "2012-10-11T14:06:53.754Z", "object_repr": "hotet@area59.se (UserProfileID: 2, UserID: 2)", "object_id": "2", "change_message": "", "user": 2, "content_type": 20}}, {"pk": 22, "model": "admin.logentry", "fields": {"action_flag": 3, "action_time": "2012-10-11T14:06:07.573Z", "object_repr": "test@test.se", "object_id": "4", "change_message": "", "user": 2, "content_type": 3}}, {"pk": 21, "model": "admin.logentry", "fields": {"action_flag": 3, "action_time": "2012-10-11T14:06:07.560Z", "object_repr": "test4@test.se", "object_id": "7", "change_message": "", "user": 2, "content_type": 3}}, {"pk": 20, "model": "admin.logentry", "fields": {"action_flag": 3, "action_time": "2012-10-11T14:06:07.550Z", "object_repr": "test3@test.se", "object_id": "6", "change_message": "", "user": 2, "content_type": 3}}, {"pk": 19, "model": "admin.logentry", "fields": {"action_flag": 3, "action_time": "2012-10-11T14:06:07.541Z", "object_repr": "test2@test.se", "object_id": "5", "change_message": "", "user": 2, "content_type": 3}}, {"pk": 18, "model": "admin.logentry", "fields": {"action_flag": 3, "action_time": "2012-10-11T14:05:45.505Z", "object_repr": "test@test.se (UserProfileID: 2, UserID: 4)", "object_id": "2", "change_message": "", "user": 2, "content_type": 20}}, {"pk": 17, "model": "admin.logentry", "fields": {"action_flag": 3, "action_time": "2012-10-11T14:05:45.495Z", "object_repr": "test2@test.se (UserProfileID: 3, UserID: 5)", "object_id": "3", "change_message": "", "user": 2, "content_type": 20}}, {"pk": 16, "model": "admin.logentry", "fields": {"action_flag": 3, "action_time": "2012-10-11T14:05:45.486Z", "object_repr": "test3@test.se (UserProfileID: 4, UserID: 6)", "object_id": "4", "change_message": "", "user": 2, "content_type": 20}}, {"pk": 15, "model": "admin.logentry", "fields": {"action_flag": 3, "action_time": "2012-10-11T14:05:45.477Z", "object_repr": "test4@test.se (UserProfileID: 5, UserID: 7)", "object_id": "5", "change_message": "", "user": 2, "content_type": 20}}, {"pk": 14, "model": "admin.logentry", "fields": {"action_flag": 2, "action_time": "2012-10-09T13:45:49.067Z", "object_repr": "Testar", "object_id": "2", "change_message": "Changed owner.", "user": 3, "content_type": 13}}, {"pk": 13, "model": "admin.logentry", "fields": {"action_flag": 2, "action_time": "2012-10-09T13:45:05.910Z", "object_repr": "Testar", "object_id": "2", "change_message": "No fields changed.", "user": 3, "content_type": 13}}, {"pk": 12, "model": "admin.logentry", "fields": {"action_flag": 1, "action_time": "2012-10-09T13:44:57.108Z", "object_repr": "BusinessProfile object", "object_id": "2", "change_message": "", "user": 3, "content_type": 27}}, {"pk": 11, "model": "admin.logentry", "fields": {"action_flag": 2, "action_time": "2012-10-09T13:36:46.834Z", "object_repr": "UserProfile object", "object_id": "1", "change_message": "Changed active_profile.", "user": 3, "content_type": 20}}, {"pk": 10, "model": "admin.logentry", "fields": {"action_flag": 2, "action_time": "2012-10-09T13:36:35.655Z", "object_repr": "UserProfile object", "object_id": "1", "change_message": "Changed business_profiles, first_name and last_name.", "user": 3, "content_type": 20}}, {"pk": 9, "model": "admin.logentry", "fields": {"action_flag": 1, "action_time": "2012-10-09T13:36:23.687Z", "object_repr": "BusinessProfile object", "object_id": "1", "change_message": "", "user": 3, "content_type": 27}}, {"pk": 8, "model": "admin.logentry", "fields": {"action_flag": 2, "action_time": "2012-10-08T09:44:17.968Z", "object_repr": "Test", "object_id": "1", "change_message": "\u00c4ndrade image_file.", "user": 2, "content_type": 26}}, {"pk": 7, "model": "admin.logentry", "fields": {"action_flag": 2, "action_time": "2012-10-08T09:39:39.745Z", "object_repr": "Test3", "object_id": "3", "change_message": "\u00c4ndrade teaser. Lade till Blog entry image \"Blog entry: Test3, Image: Test\".", "user": 2, "content_type": 24}}, {"pk": 6, "model": "admin.logentry", "fields": {"action_flag": 1, "action_time": "2012-10-08T09:38:49.327Z", "object_repr": "Test", "object_id": "1", "change_message": "", "user": 2, "content_type": 26}}, {"pk": 5, "model": "admin.logentry", "fields": {"action_flag": 1, "action_time": "2012-10-05T10:46:00.833Z", "object_repr": "Test3", "object_id": "3", "change_message": "", "user": 2, "content_type": 24}}, {"pk": 4, "model": "admin.logentry", "fields": {"action_flag": 2, "action_time": "2012-10-05T10:45:44.653Z", "object_repr": "Test2", "object_id": "2", "change_message": "\u00c4ndrade title.", "user": 2, "content_type": 24}}, {"pk": 3, "model": "admin.logentry", "fields": {"action_flag": 1, "action_time": "2012-10-05T10:45:16.933Z", "object_repr": "Test", "object_id": "2", "change_message": "", "user": 2, "content_type": 24}}, {"pk": 2, "model": "admin.logentry", "fields": {"action_flag": 2, "action_time": "2012-10-05T09:24:04.812Z", "object_repr": "Test", "object_id": "1", "change_message": "Changed publish.", "user": 2, "content_type": 24}}, {"pk": 1, "model": "admin.logentry", "fields": {"action_flag": 1, "action_time": "2012-10-05T08:03:41.739Z", "object_repr": "Test", "object_id": "1", "change_message": "", "user": 2, "content_type": 24}}, {"pk": 1, "model": "notifications.notificationsetting", "fields": {"for_uri": "ads:ad", "sms": false, "user": 3, "email": true}}, {"pk": 2, "model": "notifications.notificationsetting", "fields": {"for_uri": "notifications:detail", "sms": false, "user": 3, "email": true}}, {"pk": 3, "model": "notifications.notificationsetting", "fields": {"for_uri": "ads:ad", "sms": false, "user": 3, "email": true}}, {"pk": 4, "model": "notifications.notificationsetting", "fields": {"for_uri": "notifications:detail", "sms": false, "user": 3, "email": true}}, {"pk": 5, "model": "notifications.notificationsetting", "fields": {"for_uri": "ads:ad", "sms": false, "user": 4, "email": true}}, {"pk": 6, "model": "notifications.notificationsetting", "fields": {"for_uri": "notifications:detail", "sms": false, "user": 4, "email": true}}, {"pk": 1, "model": "accounts.userprofile", "fields": {"phone": "", "business_profiles": [1], "user": 3, "active_profile": 1, "cellphone": "0"}}, {"pk": 2, "model": "accounts.userprofile", "fields": {"phone": "", "business_profiles": [], "user": 2, "active_profile": null, "cellphone": "000"}}, {"pk": 3, "model": "accounts.userprofile", "fields": {"phone": "", "business_profiles": [1], "user": 4, "active_profile": 1, "cellphone": "0730395208"}}]